timestamp,global_step,epoch,iter,loss
2026-04-19T02:40:48.852057+00:00,1,1,0,5.545129776000977
2026-04-19T02:40:48.998096+00:00,2,1,1,5.542873382568359
2026-04-19T02:40:49.144627+00:00,3,1,2,5.540524959564209
2026-04-19T02:40:49.289303+00:00,4,1,3,5.53806209564209
2026-04-19T02:40:49.437833+00:00,5,1,4,5.535053253173828
2026-04-19T02:40:49.587867+00:00,6,1,5,5.5314621925354
2026-04-19T02:40:49.744393+00:00,7,1,6,5.52651309967041
2026-04-19T02:40:49.901421+00:00,8,1,7,5.520010948181152
2026-04-19T02:40:50.055661+00:00,9,1,8,5.509800434112549
2026-04-19T02:40:50.215244+00:00,10,1,9,5.495194911956787
2026-04-19T02:40:50.358287+00:00,11,1,10,5.467949867248535
2026-04-19T02:40:50.520813+00:00,12,1,11,5.414917469024658
2026-04-19T02:40:50.669376+00:00,13,1,12,5.275532245635986
2026-04-19T02:40:50.815898+00:00,14,1,13,4.900796890258789
2026-04-19T02:40:51.021941+00:00,15,1,14,4.45545768737793
2026-04-19T02:40:51.203045+00:00,16,1,15,4.124523639678955
2026-04-19T02:40:51.363084+00:00,17,1,16,3.8738977909088135
2026-04-19T02:40:51.518145+00:00,18,1,17,3.719648838043213
2026-04-19T02:40:51.661180+00:00,19,1,18,3.5907654762268066
2026-04-19T02:40:51.804254+00:00,20,1,19,3.445136785507202
2026-04-19T02:40:51.956876+00:00,21,1,20,3.3660776615142822
2026-04-19T02:40:52.107400+00:00,22,1,21,3.278015375137329
2026-04-19T02:40:52.254809+00:00,23,1,22,3.2371575832366943
2026-04-19T02:40:52.408356+00:00,24,1,23,3.2139387130737305
2026-04-19T02:40:52.562398+00:00,25,1,24,3.1901779174804688
2026-04-19T02:40:52.716555+00:00,26,1,25,3.149479389190674
2026-04-19T02:40:52.887590+00:00,27,1,26,3.1819021701812744
2026-04-19T02:40:53.118746+00:00,28,1,27,3.191312789916992
2026-04-19T02:40:53.258876+00:00,29,1,28,3.156848430633545
2026-04-19T02:40:53.430394+00:00,30,1,29,3.215817928314209
2026-04-19T02:40:53.583013+00:00,31,1,30,3.135552167892456
2026-04-19T02:40:53.727202+00:00,32,1,31,3.126162528991699
2026-04-19T02:40:53.880824+00:00,33,1,32,3.1121575832366943
2026-04-19T02:40:54.044349+00:00,34,1,33,3.115135908126831
2026-04-19T02:40:54.197910+00:00,35,1,34,3.1350719928741455
2026-04-19T02:40:54.345440+00:00,36,1,35,3.1216156482696533
2026-04-19T02:40:54.488473+00:00,37,1,36,3.124720811843872
2026-04-19T02:40:54.634626+00:00,38,1,37,3.1201367378234863
2026-04-19T02:40:54.774944+00:00,39,1,38,3.1078219413757324
2026-04-19T02:40:54.913023+00:00,40,1,39,3.1187713146209717
2026-04-19T02:40:55.062367+00:00,41,1,40,3.0884788036346436
2026-04-19T02:40:55.211887+00:00,42,1,41,3.1067817211151123
2026-04-19T02:40:55.381528+00:00,43,1,42,3.07724666595459
2026-04-19T02:40:55.530969+00:00,44,1,43,3.111663579940796
2026-04-19T02:40:55.677787+00:00,45,1,44,3.1054956912994385
2026-04-19T02:40:55.837870+00:00,46,1,45,3.0945990085601807
2026-04-19T02:40:56.012030+00:00,47,1,46,3.0934646129608154
2026-04-19T02:40:56.162128+00:00,48,1,47,3.1183431148529053
2026-04-19T02:40:56.304226+00:00,49,1,48,3.0750980377197266
2026-04-19T02:40:56.456311+00:00,50,1,49,3.109417676925659
2026-04-19T02:40:56.643470+00:00,51,1,50,3.0816445350646973
2026-04-19T02:40:56.789249+00:00,52,1,51,3.09840726852417
2026-04-19T02:40:56.939768+00:00,53,1,52,3.0628058910369873
2026-04-19T02:40:57.083924+00:00,54,1,53,3.076862096786499
2026-04-19T02:40:57.226443+00:00,55,1,54,3.096123695373535
2026-04-19T02:40:57.371474+00:00,56,1,55,3.080324649810791
2026-04-19T02:40:57.540993+00:00,57,1,56,3.0810928344726562
2026-04-19T02:40:57.695872+00:00,58,1,57,3.084388494491577
2026-04-19T02:40:57.869989+00:00,59,1,58,3.089231014251709
2026-04-19T02:40:58.023508+00:00,60,1,59,3.05938720703125
2026-04-19T02:40:58.177564+00:00,61,1,60,3.068183183670044
2026-04-19T02:40:58.346100+00:00,62,1,61,3.0771257877349854
2026-04-19T02:40:58.496094+00:00,63,1,62,3.081408739089966
2026-04-19T02:40:58.644625+00:00,64,1,63,3.077113151550293
2026-04-19T02:40:58.790669+00:00,65,1,64,3.094902753829956
2026-04-19T02:40:58.940203+00:00,66,1,65,3.0560717582702637
2026-04-19T02:40:59.083230+00:00,67,1,66,3.0853283405303955
2026-04-19T02:40:59.230761+00:00,68,1,67,3.0698957443237305
2026-04-19T02:40:59.380797+00:00,69,1,68,3.0966734886169434
2026-04-19T02:40:59.528324+00:00,70,1,69,3.059354305267334
2026-04-19T02:40:59.674382+00:00,71,1,70,3.0717709064483643
2026-04-19T02:40:59.823911+00:00,72,1,71,3.1062378883361816
2026-04-19T02:40:59.971960+00:00,73,1,72,3.0665102005004883
2026-04-19T02:41:00.140479+00:00,74,1,73,3.0599148273468018
2026-04-19T02:41:00.286523+00:00,75,1,74,3.0984506607055664
2026-04-19T02:41:00.437053+00:00,76,1,75,3.061626672744751
2026-04-19T02:41:00.593079+00:00,77,1,76,3.132720947265625
2026-04-19T02:41:00.750700+00:00,78,1,77,3.0939743518829346
2026-04-19T02:41:00.921768+00:00,79,1,78,3.0937561988830566
2026-04-19T02:41:01.073811+00:00,80,1,79,3.073113203048706
2026-04-19T02:41:01.223338+00:00,81,1,80,3.0888912677764893
2026-04-19T02:41:01.370102+00:00,82,1,81,3.0607857704162598
2026-04-19T02:41:01.535637+00:00,83,1,82,3.116137742996216
2026-04-19T02:41:01.678694+00:00,84,1,83,3.1283223628997803
2026-04-19T02:41:01.826233+00:00,85,1,84,3.0667190551757812
2026-04-19T02:41:01.974684+00:00,86,1,85,3.0898916721343994
2026-04-19T02:41:02.124128+00:00,87,1,86,3.0757641792297363
2026-04-19T02:41:02.263278+00:00,88,1,87,3.1158242225646973
2026-04-19T02:41:02.436798+00:00,89,1,88,3.0868124961853027
2026-04-19T02:41:02.602921+00:00,90,1,89,3.0772705078125
2026-04-19T02:41:02.750217+00:00,91,1,90,3.141256809234619
2026-04-19T02:41:02.894359+00:00,92,1,91,3.1099092960357666
2026-04-19T02:41:03.069933+00:00,93,1,92,3.082275152206421
2026-04-19T02:41:03.223450+00:00,94,1,93,3.0660648345947266
2026-04-19T02:41:03.396599+00:00,95,1,94,3.0634753704071045
2026-04-19T02:41:03.562658+00:00,96,1,95,3.0562758445739746
2026-04-19T02:41:03.725195+00:00,97,1,96,3.070823907852173
2026-04-19T02:41:03.886250+00:00,98,1,97,3.1556646823883057
2026-04-19T02:41:04.035808+00:00,99,1,98,3.0782744884490967
2026-04-19T02:41:04.181868+00:00,100,1,99,3.1015207767486572
2026-04-19T02:41:04.372611+00:00,101,1,100,3.143226385116577
2026-04-19T02:41:04.538155+00:00,102,1,101,3.1397037506103516
2026-04-19T02:41:04.732800+00:00,103,1,102,3.1114437580108643
2026-04-19T02:41:04.907879+00:00,104,1,103,3.0641326904296875
2026-04-19T02:41:05.077931+00:00,105,1,104,3.082822561264038
2026-04-19T02:41:05.227442+00:00,106,1,105,3.090353488922119
2026-04-19T02:41:05.369512+00:00,107,1,106,3.0673036575317383
2026-04-19T02:41:05.513180+00:00,108,1,107,3.0807242393493652
2026-04-19T02:41:05.661805+00:00,109,1,108,3.0714364051818848
2026-04-19T02:41:05.808960+00:00,110,1,109,3.077230215072632
2026-04-19T02:41:05.952528+00:00,111,1,110,3.133512496948242
2026-04-19T02:41:06.127570+00:00,112,1,111,3.140071392059326
2026-04-19T02:41:06.267626+00:00,113,1,112,3.0828585624694824
2026-04-19T02:41:06.415240+00:00,114,1,113,3.0682637691497803
2026-04-19T02:41:06.555784+00:00,115,1,114,3.105224370956421
2026-04-19T02:41:06.703510+00:00,116,1,115,3.0577151775360107
2026-04-19T02:41:06.846063+00:00,117,1,116,3.0941078662872314
2026-04-19T02:41:06.990103+00:00,118,1,117,3.090677261352539
2026-04-19T02:41:07.144628+00:00,119,1,118,3.0677073001861572
2026-04-19T02:41:07.313769+00:00,120,1,119,3.0539963245391846
2026-04-19T02:41:07.469807+00:00,121,1,120,3.081188440322876
2026-04-19T02:41:07.648050+00:00,122,1,121,3.0888876914978027
2026-04-19T02:41:07.798153+00:00,123,1,122,3.058497428894043
2026-04-19T02:41:07.941696+00:00,124,1,123,3.0577077865600586
2026-04-19T02:41:08.098760+00:00,125,1,124,3.117323875427246
2026-04-19T02:41:08.255294+00:00,126,1,125,3.0917346477508545
2026-04-19T02:41:08.421351+00:00,127,1,126,3.0679256916046143
2026-04-19T02:41:08.572275+00:00,128,1,127,3.08599853515625
2026-04-19T02:41:08.722836+00:00,129,1,128,3.124549150466919
2026-04-19T02:41:08.865368+00:00,130,1,129,3.0815906524658203
2026-04-19T02:41:09.006285+00:00,131,1,130,3.060528516769409
2026-04-19T02:41:09.160814+00:00,132,1,131,3.061612129211426
2026-04-19T02:41:09.375377+00:00,133,1,132,3.0859529972076416
2026-04-19T02:41:09.524906+00:00,134,1,133,3.1252877712249756
2026-04-19T02:41:09.667985+00:00,135,1,134,3.0917420387268066
2026-04-19T02:41:09.815521+00:00,136,1,135,3.0814473628997803
2026-04-19T02:41:09.963071+00:00,137,1,136,3.075587272644043
2026-04-19T02:41:10.106116+00:00,138,1,137,3.0767247676849365
2026-04-19T02:41:10.263659+00:00,139,1,138,3.0510103702545166
2026-04-19T02:41:10.434062+00:00,140,1,139,3.074801445007324
2026-04-19T02:41:10.583108+00:00,141,1,140,3.0821902751922607
2026-04-19T02:41:10.748634+00:00,142,1,141,3.078958749771118
2026-04-19T02:41:10.920685+00:00,143,1,142,3.0815975666046143
2026-04-19T02:41:11.075727+00:00,144,1,143,3.097217082977295
2026-04-19T02:41:11.225249+00:00,145,1,144,3.0851104259490967
2026-04-19T02:41:11.378294+00:00,146,1,145,3.0670888423919678
2026-04-19T02:41:11.529817+00:00,147,1,146,3.136643409729004
2026-04-19T02:41:11.674864+00:00,148,1,147,3.146354913711548
2026-04-19T02:41:11.829393+00:00,149,1,148,3.1180920600891113
2026-04-19T02:41:11.976070+00:00,150,1,149,3.083164691925049
2026-04-19T02:41:12.123588+00:00,151,1,150,3.0834524631500244
2026-04-19T02:41:12.276644+00:00,152,1,151,3.069702386856079
2026-04-19T02:41:12.447255+00:00,153,1,152,3.067361831665039
2026-04-19T02:41:12.588423+00:00,154,1,153,3.078521728515625
2026-04-19T02:41:12.759997+00:00,155,1,154,3.065901517868042
2026-04-19T02:41:12.958041+00:00,156,1,155,3.0728278160095215
2026-04-19T02:41:13.104630+00:00,157,1,156,3.067744493484497
2026-04-19T02:41:13.295672+00:00,158,1,157,3.139021396636963
2026-04-19T02:41:13.462211+00:00,159,1,158,3.0962259769439697
2026-04-19T02:41:13.632277+00:00,160,1,159,3.0780422687530518
2026-04-19T02:41:13.799329+00:00,161,1,160,3.103987455368042
2026-04-19T02:41:13.945946+00:00,162,1,161,3.0667874813079834
2026-04-19T02:41:14.119902+00:00,163,1,162,3.116396903991699
2026-04-19T02:41:14.262430+00:00,164,1,163,3.1094906330108643
2026-04-19T02:41:14.444485+00:00,165,1,164,3.1335675716400146
2026-04-19T02:41:14.606530+00:00,166,1,165,3.0434882640838623
2026-04-19T02:41:14.782573+00:00,167,1,166,3.1217708587646484
2026-04-19T02:41:14.932184+00:00,168,1,167,3.0656206607818604
2026-04-19T02:41:15.082228+00:00,169,1,168,3.0714964866638184
2026-04-19T02:41:15.226759+00:00,170,1,169,3.0670130252838135
2026-04-19T02:41:15.396816+00:00,171,1,170,3.0718038082122803
2026-04-19T02:41:15.567388+00:00,172,1,171,3.138603448867798
2026-04-19T02:41:15.713034+00:00,173,1,172,3.1149840354919434
2026-04-19T02:41:15.875171+00:00,174,1,173,3.097226142883301
2026-04-19T02:41:16.054702+00:00,175,1,174,3.0784730911254883
2026-04-19T02:41:16.198810+00:00,176,1,175,3.1268510818481445
2026-04-19T02:41:16.346341+00:00,177,1,176,3.0765984058380127
2026-04-19T02:41:16.492474+00:00,178,1,177,3.053274631500244
2026-04-19T02:41:16.639089+00:00,179,1,178,3.0876400470733643
2026-04-19T02:41:16.780237+00:00,180,1,179,3.077272891998291
2026-04-19T02:41:16.928776+00:00,181,1,180,3.074897527694702
2026-04-19T02:41:17.076817+00:00,182,1,181,3.0617661476135254
2026-04-19T02:41:17.223346+00:00,183,1,182,3.1319870948791504
2026-04-19T02:41:17.379383+00:00,184,1,183,3.067567825317383
2026-04-19T02:41:17.528917+00:00,185,1,184,3.130535364151001
2026-04-19T02:41:17.675064+00:00,186,1,185,3.0720531940460205
2026-04-19T02:41:17.848679+00:00,187,1,186,3.107353925704956
2026-04-19T02:41:17.995716+00:00,188,1,187,3.0524137020111084
2026-04-19T02:41:18.164249+00:00,189,1,188,3.0879428386688232
2026-04-19T02:41:18.357314+00:00,190,1,189,3.090761661529541
2026-04-19T02:41:18.531430+00:00,191,1,190,3.064507246017456
2026-04-19T02:41:18.707483+00:00,192,1,191,3.074113130569458
2026-04-19T02:41:18.901546+00:00,193,1,192,3.081392288208008
2026-04-19T02:41:19.072594+00:00,194,1,193,3.0795862674713135
2026-04-19T02:41:19.248115+00:00,195,1,194,3.1127562522888184
2026-04-19T02:41:19.418914+00:00,196,1,195,3.0696234703063965
2026-04-19T02:41:19.565442+00:00,197,1,196,3.0781726837158203
2026-04-19T02:41:19.721473+00:00,198,1,197,3.0786914825439453
2026-04-19T02:41:19.886523+00:00,199,1,198,3.0600156784057617
2026-04-19T02:41:20.037048+00:00,200,1,199,3.0862412452697754
2026-04-19T02:41:20.182832+00:00,201,1,200,3.0588130950927734
2026-04-19T02:41:20.351369+00:00,202,1,201,3.0723965167999268
2026-04-19T02:41:20.499424+00:00,203,1,202,3.077683925628662
2026-04-19T02:41:20.703545+00:00,204,1,203,3.0605547428131104
2026-04-19T02:41:20.852080+00:00,205,1,204,3.0773863792419434
2026-04-19T02:41:21.028124+00:00,206,1,205,3.0822994709014893
2026-04-19T02:41:21.199264+00:00,207,1,206,3.0865426063537598
2026-04-19T02:41:21.351770+00:00,208,1,207,3.0535085201263428
2026-04-19T02:41:21.498825+00:00,209,1,208,3.068751573562622
2026-04-19T02:41:21.648363+00:00,210,1,209,3.0935921669006348
2026-04-19T02:41:21.793185+00:00,211,1,210,3.0671911239624023
2026-04-19T02:41:21.942714+00:00,212,1,211,3.1407620906829834
2026-04-19T02:41:22.089708+00:00,213,1,212,3.092006206512451
2026-04-19T02:41:22.262235+00:00,214,1,213,3.0778696537017822
2026-04-19T02:41:22.428354+00:00,215,1,214,3.0585525035858154
2026-04-19T02:41:22.576410+00:00,216,1,215,3.066420555114746
2026-04-19T02:41:22.750999+00:00,217,1,216,3.077160120010376
2026-04-19T02:41:22.917097+00:00,218,1,217,3.082246780395508
2026-04-19T02:41:23.077139+00:00,219,1,218,3.098273277282715
2026-04-19T02:41:23.231668+00:00,220,1,219,3.1113152503967285
2026-04-19T02:41:23.377724+00:00,221,1,220,3.099717378616333
2026-04-19T02:41:23.551235+00:00,222,1,221,3.0978307723999023
2026-04-19T02:41:23.734319+00:00,223,1,222,3.077998638153076
2026-04-19T02:41:23.930366+00:00,224,1,223,3.0744030475616455
2026-04-19T02:41:24.086418+00:00,225,1,224,3.077610969543457
2026-04-19T02:41:24.231947+00:00,226,1,225,3.0743408203125
2026-04-19T02:41:24.405011+00:00,227,1,226,3.114680528640747
2026-04-19T02:41:24.594839+00:00,228,1,227,3.0688445568084717
2026-04-19T02:41:24.788933+00:00,229,1,228,3.0718719959259033
2026-04-19T02:41:24.970477+00:00,230,1,229,3.059840202331543
2026-04-19T02:41:25.120523+00:00,231,1,230,3.046311616897583
2026-04-19T02:41:25.288564+00:00,232,1,231,3.0660927295684814
2026-04-19T02:41:25.437612+00:00,233,1,232,3.0658769607543945
2026-04-19T02:41:25.586171+00:00,234,1,233,3.059084177017212
2026-04-19T02:41:25.729692+00:00,235,1,234,3.0542526245117188
2026-04-19T02:41:25.929741+00:00,236,1,235,3.0729334354400635
2026-04-19T02:41:26.086785+00:00,237,1,236,3.0806918144226074
2026-04-19T02:41:26.228378+00:00,238,1,237,3.0996406078338623
2026-04-19T02:41:26.398453+00:00,239,1,238,3.064136028289795
2026-04-19T02:41:26.543976+00:00,240,1,239,3.0516390800476074
2026-04-19T02:41:26.752036+00:00,241,1,240,3.0619702339172363
2026-04-19T02:41:26.906073+00:00,242,1,241,3.0767197608947754
2026-04-19T02:41:27.077190+00:00,243,1,242,3.0871942043304443
2026-04-19T02:41:27.218721+00:00,244,1,243,3.064720869064331
2026-04-19T02:41:27.364252+00:00,245,1,244,3.114638328552246
2026-04-19T02:41:27.517295+00:00,246,1,245,3.083247423171997
2026-04-19T02:41:27.665825+00:00,247,1,246,3.094677209854126
2026-04-19T02:41:27.830852+00:00,248,1,247,3.076930046081543
2026-04-19T02:41:27.978900+00:00,249,1,248,3.081962823867798
2026-04-19T02:41:28.126438+00:00,250,1,249,3.091481924057007
2026-04-19T02:41:28.299556+00:00,251,1,250,3.114922523498535
2026-04-19T02:41:28.448078+00:00,252,1,251,3.084385633468628
2026-04-19T02:41:28.596124+00:00,253,1,252,3.081733465194702
2026-04-19T02:41:28.742647+00:00,254,1,253,3.0598697662353516
2026-04-19T02:41:28.895697+00:00,255,1,254,3.072787284851074
2026-04-19T02:41:29.095737+00:00,256,1,255,3.0840864181518555
2026-04-19T02:41:29.239254+00:00,257,1,256,3.0614874362945557
2026-04-19T02:41:29.407319+00:00,258,1,257,3.0732085704803467
2026-04-19T02:41:29.608395+00:00,259,1,258,3.066035509109497
2026-04-19T02:41:29.752917+00:00,260,1,259,3.057774543762207
2026-04-19T02:41:29.924966+00:00,261,1,260,3.0905678272247314
2026-04-19T02:41:30.089025+00:00,262,1,261,3.0741376876831055
2026-04-19T02:41:30.244552+00:00,263,1,262,3.055270195007324
2026-04-19T02:41:30.429604+00:00,264,1,263,3.1368582248687744
2026-04-19T02:41:30.574657+00:00,265,1,264,3.0623483657836914
2026-04-19T02:41:30.715190+00:00,266,1,265,3.057224750518799
2026-04-19T02:41:30.856707+00:00,267,1,266,3.0681798458099365
2026-04-19T02:41:31.005759+00:00,268,1,267,3.0499627590179443
2026-04-19T02:41:31.156280+00:00,269,1,268,3.0958316326141357
2026-04-19T02:41:31.317339+00:00,270,1,269,3.131443738937378
2026-04-19T02:41:31.488395+00:00,271,1,270,3.0735678672790527
2026-04-19T02:41:31.637927+00:00,272,1,271,3.087064266204834
2026-04-19T02:41:31.788973+00:00,273,1,272,3.055753231048584
2026-04-19T02:41:31.941295+00:00,274,1,273,3.0585334300994873
2026-04-19T02:41:32.093338+00:00,275,1,274,3.0691540241241455
2026-04-19T02:41:32.246867+00:00,276,1,275,3.0959439277648926
2026-04-19T02:41:32.392511+00:00,277,1,276,3.082728862762451
2026-04-19T02:41:32.538908+00:00,278,1,277,3.069528579711914
2026-04-19T02:41:32.688693+00:00,279,1,278,3.0957326889038086
2026-04-19T02:41:32.869191+00:00,280,1,279,3.108220100402832
2026-04-19T02:41:33.039818+00:00,281,1,280,3.0625698566436768
2026-04-19T02:41:33.216886+00:00,282,1,281,3.092658042907715
2026-04-19T02:41:33.391917+00:00,283,1,282,3.065667152404785
2026-04-19T02:41:33.539459+00:00,284,1,283,3.1039578914642334
2026-04-19T02:41:33.784050+00:00,285,1,284,3.080063819885254
2026-04-19T02:41:33.954280+00:00,286,1,285,3.0711545944213867
2026-04-19T02:41:34.118949+00:00,287,1,286,3.0947916507720947
2026-04-19T02:41:34.267466+00:00,288,1,287,3.0700294971466064
2026-04-19T02:41:34.416508+00:00,289,1,288,3.077899694442749
2026-04-19T02:41:34.563039+00:00,290,1,289,3.0652267932891846
2026-04-19T02:41:34.712082+00:00,291,1,290,3.085843563079834
2026-04-19T02:41:34.873614+00:00,292,1,291,3.0969982147216797
2026-04-19T02:41:35.039047+00:00,293,1,292,3.0539329051971436
2026-04-19T02:41:35.185077+00:00,294,1,293,3.0595314502716064
2026-04-19T02:41:35.337504+00:00,295,1,294,3.0689504146575928
2026-04-19T02:41:35.491584+00:00,296,1,295,3.069661855697632
2026-04-19T02:41:35.647112+00:00,297,1,296,3.061149835586548
2026-04-19T02:41:35.795670+00:00,298,1,297,3.0770418643951416
2026-04-19T02:41:35.943194+00:00,299,1,298,3.075927495956421
2026-04-19T02:41:36.106937+00:00,300,1,299,3.126474618911743
2026-04-19T02:41:36.254472+00:00,301,1,300,3.052929639816284
2026-04-19T02:41:36.424024+00:00,302,1,301,3.0552616119384766
2026-04-19T02:41:36.566551+00:00,303,1,302,3.0597400665283203
2026-04-19T02:41:36.714577+00:00,304,1,303,3.0811820030212402
2026-04-19T02:41:36.863068+00:00,305,1,304,3.0701324939727783
2026-04-19T02:41:37.028905+00:00,306,1,305,3.0748450756073
2026-04-19T02:41:37.179958+00:00,307,1,306,3.0816304683685303
2026-04-19T02:41:37.347478+00:00,308,1,307,3.058331251144409
2026-04-19T02:41:37.493577+00:00,309,1,308,3.055638313293457
2026-04-19T02:41:37.640166+00:00,310,1,309,3.078801155090332
2026-04-19T02:41:37.801132+00:00,311,1,310,3.0733108520507812
2026-04-19T02:41:37.975661+00:00,312,1,311,3.0678369998931885
2026-04-19T02:41:38.130479+00:00,313,1,312,3.0902557373046875
2026-04-19T02:41:38.280516+00:00,314,1,313,3.050933837890625
2026-04-19T02:41:38.434036+00:00,315,1,314,3.043750286102295
2026-04-19T02:41:38.585069+00:00,316,1,315,3.071589946746826
2026-04-19T02:41:38.788711+00:00,317,1,316,3.0658788681030273
2026-04-19T02:41:38.976252+00:00,318,1,317,3.1111929416656494
2026-04-19T02:41:39.135203+00:00,319,1,318,3.072864055633545
2026-04-19T02:41:39.279252+00:00,320,1,319,3.095194101333618
2026-04-19T02:41:39.446779+00:00,321,1,320,3.0629711151123047
2026-04-19T02:41:39.591827+00:00,322,1,321,3.0758790969848633
2026-04-19T02:41:39.750852+00:00,323,1,322,3.0494494438171387
2026-04-19T02:41:39.900886+00:00,324,1,323,3.101564407348633
2026-04-19T02:41:40.058413+00:00,325,1,324,3.118682622909546
2026-04-19T02:41:40.203458+00:00,326,1,325,3.0746939182281494
2026-04-19T02:41:40.388501+00:00,327,1,326,3.0755932331085205
2026-04-19T02:41:40.533024+00:00,328,1,327,3.103632926940918
2026-04-19T02:41:40.681056+00:00,329,1,328,3.1397876739501953
2026-04-19T02:41:40.824567+00:00,330,1,329,3.0700430870056152
2026-04-19T02:41:40.977100+00:00,331,1,330,3.1006863117218018
2026-04-19T02:41:41.131702+00:00,332,1,331,3.0706470012664795
2026-04-19T02:41:41.277227+00:00,333,1,332,3.097423791885376
2026-04-19T02:41:41.423272+00:00,334,1,333,3.1424078941345215
2026-04-19T02:41:41.570806+00:00,335,1,334,3.0469417572021484
2026-04-19T02:41:41.715835+00:00,336,1,335,3.068615436553955
2026-04-19T02:41:41.888881+00:00,337,1,336,3.0477044582366943
2026-04-19T02:41:42.065407+00:00,338,1,337,3.065927743911743
2026-04-19T02:41:42.212453+00:00,339,1,338,3.069755792617798
2026-04-19T02:41:42.361971+00:00,340,1,339,3.084531545639038
2026-04-19T02:41:42.510019+00:00,341,1,340,3.0480380058288574
2026-04-19T02:41:42.660534+00:00,342,1,341,3.0745813846588135
2026-04-19T02:41:42.829584+00:00,343,1,342,3.057236909866333
2026-04-19T02:41:43.003139+00:00,344,1,343,3.137082576751709
2026-04-19T02:41:43.150671+00:00,345,1,344,3.115966796875
2026-04-19T02:41:43.304332+00:00,346,1,345,3.0884954929351807
2026-04-19T02:41:43.456854+00:00,347,1,346,3.0718164443969727
2026-04-19T02:41:43.604903+00:00,348,1,347,3.1177639961242676
2026-04-19T02:41:43.769501+00:00,349,1,348,3.058466911315918
2026-04-19T02:41:43.965559+00:00,350,1,349,3.074392318725586
2026-04-19T02:41:44.129599+00:00,351,1,350,3.08393931388855
2026-04-19T02:41:44.307709+00:00,352,1,351,3.1050777435302734
2026-04-19T02:41:44.488747+00:00,353,1,352,3.0630240440368652
2026-04-19T02:41:44.664586+00:00,354,1,353,3.0585556030273438
2026-04-19T02:41:44.805380+00:00,355,1,354,3.0548925399780273
2026-04-19T02:41:44.964910+00:00,356,1,355,3.0848021507263184
2026-04-19T02:41:45.126671+00:00,357,1,356,3.082095146179199
2026-04-19T02:41:45.268216+00:00,358,1,357,3.0850424766540527
2026-04-19T02:41:45.410263+00:00,359,1,358,3.139406681060791
2026-04-19T02:41:45.555009+00:00,360,1,359,3.100733757019043
2026-04-19T02:41:45.696147+00:00,361,1,360,3.0470855236053467
2026-04-19T02:41:45.841755+00:00,362,1,361,3.069873094558716
2026-04-19T02:41:45.996819+00:00,363,1,362,3.0672638416290283
2026-04-19T02:41:46.153336+00:00,364,1,363,3.0720958709716797
2026-04-19T02:41:46.298459+00:00,365,1,364,3.0682790279388428
2026-04-19T02:41:46.443982+00:00,366,1,365,3.0538365840911865
2026-04-19T02:41:46.617035+00:00,367,1,366,3.068077325820923
2026-04-19T02:41:46.803167+00:00,368,1,367,3.0553297996520996
2026-04-19T02:41:47.045236+00:00,369,1,368,3.097186326980591
2026-04-19T02:41:47.201852+00:00,370,1,369,3.0700788497924805
2026-04-19T02:41:47.371392+00:00,371,1,370,3.067173957824707
2026-04-19T02:41:47.525434+00:00,372,1,371,3.0470125675201416
2026-04-19T02:41:47.674885+00:00,373,1,372,3.0271573066711426
2026-04-19T02:41:47.818942+00:00,374,1,373,3.0664517879486084
2026-04-19T02:41:47.977469+00:00,375,1,374,3.06276798248291
2026-04-19T02:41:48.129486+00:00,376,1,375,3.067695379257202
2026-04-19T02:41:48.304538+00:00,377,1,376,3.088844060897827
2026-04-19T02:41:48.458052+00:00,378,1,377,3.0544538497924805
2026-04-19T02:41:48.601189+00:00,379,1,378,3.047592878341675
2026-04-19T02:41:48.745802+00:00,380,1,379,3.062227725982666
2026-04-19T02:41:48.900941+00:00,381,1,380,3.0587775707244873
2026-04-19T02:41:49.050465+00:00,382,1,381,3.077869176864624
2026-04-19T02:41:49.191554+00:00,383,1,382,3.0585720539093018
2026-04-19T02:41:49.339077+00:00,384,1,383,3.0922980308532715
2026-04-19T02:41:49.485194+00:00,385,1,384,3.0376458168029785
2026-04-19T02:41:49.631329+00:00,386,1,385,3.0741024017333984
2026-04-19T02:41:49.774416+00:00,387,1,386,3.064882755279541
2026-04-19T02:41:49.921514+00:00,388,1,387,3.065061092376709
2026-04-19T02:41:50.105634+00:00,389,1,388,3.081263542175293
2026-04-19T02:41:50.253159+00:00,390,1,389,3.070357322692871
2026-04-19T02:41:50.400225+00:00,391,1,390,3.0658633708953857
2026-04-19T02:41:50.549845+00:00,392,1,391,3.053654432296753
2026-04-19T02:41:50.696902+00:00,393,1,392,3.067777156829834
2026-04-19T02:41:50.863426+00:00,394,1,393,3.060290813446045
2026-04-19T02:41:51.020484+00:00,395,1,394,3.0685126781463623
2026-04-19T02:41:51.164026+00:00,396,1,395,3.119750738143921
2026-04-19T02:41:51.308032+00:00,397,1,396,3.075671434402466
2026-04-19T02:41:51.470565+00:00,398,1,397,3.053699254989624
2026-04-19T02:41:51.612692+00:00,399,1,398,3.081188917160034
2026-04-19T02:41:51.784314+00:00,400,1,399,3.0436317920684814
2026-04-19T02:41:51.956354+00:00,401,1,400,3.0859084129333496
2026-04-19T02:41:52.108004+00:00,402,1,401,3.051975727081299
2026-04-19T02:41:52.260523+00:00,403,1,402,3.0629029273986816
2026-04-19T02:41:52.410655+00:00,404,1,403,3.0557851791381836
2026-04-19T02:41:52.583193+00:00,405,1,404,3.0498032569885254
2026-04-19T02:41:52.733234+00:00,406,1,405,3.0680224895477295
2026-04-19T02:41:52.894287+00:00,407,1,406,3.0528981685638428
2026-04-19T02:41:53.073322+00:00,408,1,407,3.1057615280151367
2026-04-19T02:41:53.242405+00:00,409,1,408,3.084371328353882
2026-04-19T02:41:53.403978+00:00,410,1,409,3.0569677352905273
2026-04-19T02:41:53.554501+00:00,411,1,410,3.1002752780914307
2026-04-19T02:41:53.706644+00:00,412,1,411,3.0753328800201416
2026-04-19T02:41:53.882172+00:00,413,1,412,3.1277432441711426
2026-04-19T02:41:54.034276+00:00,414,1,413,3.0656824111938477
2026-04-19T02:41:54.212938+00:00,415,1,414,3.0553088188171387
2026-04-19T02:41:54.364458+00:00,416,1,415,3.0414211750030518
2026-04-19T02:41:54.523491+00:00,417,1,416,3.0759410858154297
2026-04-19T02:41:54.720610+00:00,418,1,417,3.0681416988372803
2026-04-19T02:41:54.865146+00:00,419,1,418,3.0522758960723877
2026-04-19T02:41:55.010214+00:00,420,1,419,3.0394792556762695
2026-04-19T02:41:55.164739+00:00,421,1,420,3.062497854232788
2026-04-19T02:41:55.308806+00:00,422,1,421,3.102931499481201
2026-04-19T02:41:55.467371+00:00,423,1,422,3.1186435222625732
2026-04-19T02:41:55.626416+00:00,424,1,423,3.0962636470794678
2026-04-19T02:41:55.783944+00:00,425,1,424,3.078360080718994
2026-04-19T02:41:55.951976+00:00,426,1,425,3.081502676010132
2026-04-19T02:41:56.146043+00:00,427,1,426,3.0565061569213867
2026-04-19T02:41:56.287098+00:00,428,1,427,3.0781097412109375
2026-04-19T02:41:56.459636+00:00,429,1,428,3.047930955886841
2026-04-19T02:41:56.606685+00:00,430,1,429,3.0571041107177734
2026-04-19T02:41:56.765219+00:00,431,1,430,3.0561766624450684
2026-04-19T02:41:56.918753+00:00,432,1,431,3.1271066665649414
2026-04-19T02:41:57.077283+00:00,433,1,432,3.069106340408325
2026-04-19T02:41:57.233305+00:00,434,1,433,3.0958590507507324
2026-04-19T02:41:57.407362+00:00,435,1,434,3.0720436573028564
2026-04-19T02:41:57.558877+00:00,436,1,435,3.076608657836914
2026-04-19T02:41:57.748914+00:00,437,1,436,3.0523602962493896
2026-04-19T02:41:57.903958+00:00,438,1,437,3.0795276165008545
2026-04-19T02:41:58.052497+00:00,439,1,438,3.067608594894409
2026-04-19T02:41:58.203538+00:00,440,1,439,3.0586819648742676
2026-04-19T02:41:58.372091+00:00,441,1,440,3.0545196533203125
2026-04-19T02:41:58.519137+00:00,442,1,441,3.069307804107666
2026-04-19T02:41:58.676663+00:00,443,1,442,3.0505197048187256
2026-04-19T02:41:58.823703+00:00,444,1,443,3.0462658405303955
2026-04-19T02:41:58.968221+00:00,445,1,444,3.0572474002838135
2026-04-19T02:41:59.131258+00:00,446,1,445,3.0376129150390625
2026-04-19T02:41:59.274792+00:00,447,1,446,3.06230092048645
2026-04-19T02:41:59.420823+00:00,448,1,447,3.0659117698669434
2026-04-19T02:41:59.573364+00:00,449,1,448,3.088838577270508
2026-04-19T02:41:59.739388+00:00,450,1,449,3.055584669113159
2026-04-19T02:41:59.885919+00:00,451,1,450,3.0719754695892334
2026-04-19T02:42:00.049950+00:00,452,1,451,3.063122034072876
2026-04-19T02:42:00.193003+00:00,453,1,452,3.1279003620147705
2026-04-19T02:42:00.339537+00:00,454,1,453,3.056662082672119
2026-04-19T02:42:00.510590+00:00,455,1,454,3.063333511352539
2026-04-19T02:42:00.660115+00:00,456,1,455,3.0763907432556152
2026-04-19T02:42:00.833161+00:00,457,1,456,3.0680184364318848
2026-04-19T02:42:00.979687+00:00,458,1,457,3.07073974609375
2026-04-19T02:42:01.132724+00:00,459,1,458,3.0573389530181885
2026-04-19T02:42:01.279244+00:00,460,1,459,3.0854926109313965
2026-04-19T02:42:01.447298+00:00,461,1,460,3.0859758853912354
2026-04-19T02:42:01.594354+00:00,462,1,461,3.0694081783294678
2026-04-19T02:42:01.742877+00:00,463,1,462,3.0463311672210693
2026-04-19T02:42:01.891920+00:00,464,1,463,3.08076810836792
2026-04-19T02:42:02.051440+00:00,465,1,464,3.1070425510406494
2026-04-19T02:42:02.205480+00:00,466,1,465,3.055574417114258
2026-04-19T02:42:02.351003+00:00,467,1,466,3.066005229949951
2026-04-19T02:42:02.515067+00:00,468,1,467,3.0666229724884033
2026-04-19T02:42:02.671594+00:00,469,1,468,3.0611448287963867
2026-04-19T02:42:02.832640+00:00,470,1,469,3.0621542930603027
2026-04-19T02:42:03.006831+00:00,471,1,470,3.110320806503296
2026-04-19T02:42:03.163369+00:00,472,1,471,3.049541711807251
2026-04-19T02:42:03.319412+00:00,473,1,472,3.0480546951293945
2026-04-19T02:42:03.461943+00:00,474,1,473,3.0445144176483154
2026-04-19T02:42:03.606993+00:00,475,1,474,3.0599372386932373
2026-04-19T02:42:03.754510+00:00,476,1,475,3.058758020401001
2026-04-19T02:42:03.911579+00:00,477,1,476,3.1038427352905273
2026-04-19T02:42:04.065112+00:00,478,1,477,3.1054787635803223
2026-04-19T02:42:04.208142+00:00,479,1,478,3.066127300262451
2026-04-19T02:42:04.359257+00:00,480,1,479,3.0445024967193604
2026-04-19T02:42:04.511820+00:00,481,1,480,3.062983512878418
2026-04-19T02:42:04.688934+00:00,482,1,481,3.155087947845459
2026-04-19T02:42:04.849470+00:00,483,1,482,3.0731279850006104
2026-04-19T02:42:04.993521+00:00,484,1,483,3.066058874130249
2026-04-19T02:42:05.170054+00:00,485,1,484,3.0572259426116943
2026-04-19T02:42:05.332107+00:00,486,1,485,3.084296226501465
2026-04-19T02:42:05.517216+00:00,487,1,486,3.083242416381836
2026-04-19T02:42:05.697274+00:00,488,1,487,3.042856216430664
2026-04-19T02:42:05.871798+00:00,489,1,488,3.062218427658081
2026-04-19T02:42:06.067611+00:00,490,1,489,3.063760757446289
2026-04-19T02:42:06.228652+00:00,491,1,490,3.0512051582336426
2026-04-19T02:42:06.373181+00:00,492,1,491,3.074894428253174
2026-04-19T02:42:06.521231+00:00,493,1,492,3.07210636138916
2026-04-19T02:42:06.667773+00:00,494,1,493,3.1232025623321533
2026-04-19T02:42:06.819813+00:00,495,1,494,3.053591012954712
2026-04-19T02:42:06.989834+00:00,496,1,495,3.0867698192596436
2026-04-19T02:42:07.149364+00:00,497,1,496,3.0786256790161133
2026-04-19T02:42:07.291419+00:00,498,1,497,3.058469295501709
2026-04-19T02:42:07.436937+00:00,499,1,498,3.1051442623138428
2026-04-19T02:42:07.592001+00:00,500,1,499,3.048750877380371
